Date,NoDur,Durbl,Manuf,Enrgy,HiTec,Telcm,Shops,Hlth ,Utils,Other,Mkt-RF,RF
196307,-0.49,-0.22,-1.41,2.29,-0.69,-0.23,-1.03,0.56,0.8,-1.61,-0.39,0.27
196308,4.89,6.55,6.2,3.93,5.14,4.29,6.43,9.56,4.2,5.49,5.07,0.25
196309,-1.69,-0.24,-0.76,-3.64,0.13,2.36,0.97,-4.06,-2.5,-3.16,-1.57,0.27
196310,2.65,9.72,2.58,-0.32,8.29,3.4,0.52,3.38,-0.67,1.38,2.53,0.29
196311,-1.13,-4.84,0.3,-1.15,-0.29,4.16,-1.23,-1.65,-1.02,0.23,-0.85,0.27
196312,2.81,0.27,1.91,4.65,3.05,-0.14,0.34,1.54,2.42,2.8,1.83,0.29
196401,0.79,1.19,2.69,4.84,2.91,3.35,2.51,3.68,1.4,1.24,2.24,0.3
196402,1.87,2.14,2.76,1.06,1.96,-0.28,1.62,1.66,0.87,5.45,1.54,0.26
196403,3.08,0.93,3.7,1.4,3.38,-0.94,2.43,-1.94,-0.75,2.18,1.41,0.31
196404,-0.48,1.93,-1.72,4.02,-3.63,0.81,2.86,-1.42,1.06,0.26,0.1,0.29
196405,1.56,1.12,1.77,2.14,2.74,-0.4,3.89,0.53,0.84,2.42,1.42,0.26
196406,1.61,0.67,0.92,0.65,0.52,4.76,3.82,0.59,2.2,1.36,1.27,0.3
196407,1.8,5.28,1.34,3.34,-1.8,-1.99,1.23,4.76,4.91,1.34,1.74,0.3
196408,-0.26,1.33,-1.25,-1.86,-2.75,-1.53,0.34,-4.22,-0.01,-3.13,-1.44,0.28
196409,1.7,5.04,4.77,3.08,1.15,-1.02,3.48,2.73,1.87,4.05,2.69,0.28
196410,-0.19,0.25,0.3,3.06,-0.99,-0.89,2.32,2.88,0.95,1.84,0.59,0.29
196411,0.7,-1.38,-0.52,2.55,-0.23,-2.23,3.27,2.17,1.37,-1.8,0,0.29
196412,0.21,1.67,-0.82,-0.24,-0.01,3.1,0.18,4.38,0.5,-1.78,0.03,0.31
196501,6.1,3.76,5.52,0.51,7.46,0.27,3.06,7.66,3.96,4.72,3.54,0.28
196502,1.62,-0.69,2.51,-3.36,2.2,0.79,1.37,2.42,0.43,2.58,0.44,0.3
196503,-0.77,1.39,-1.16,-3.03,-0.48,-1.68,-0.85,-0.92,-0.52,-0.27,-1.34,0.36
196504,4.21,7.04,4.02,0.86,5.14,2.3,6.82,2.98,0.65,2.16,3.11,0.31
196505,-0.77,-3.53,-0.52,0.86,0.48,2.79,0.18,-1.24,-0.97,-1.68,-0.77,0.31
196506,-5.13,-6.83,-6.21,-1.98,-5.71,-4.14,-6.19,-5.31,-3.66,-6.97,-5.51,0.35
196507,1.61,2.3,2.06,1.81,3.6,-0.38,-1.41,3.95,1.06,3.4,1.43,0.31
196508,4.11,3.21,3.64,1.56,5.88,1.33,2.28,6.29,0.92,5.07,2.73,0.33
196509,0.48,6.97,3.9,4.37,5.29,1.09,-0.68,2.24,1.39,1.8,2.86,0.31
196510,2.66,6.34,4.45,1.84,5.22,-2.29,0.26,3.23,1.05,4.26,2.6,0.31
196511,1.12,-4.03,1.39,0.71,2.73,-4.32,1.36,3.8,-1,3.88,-0.03,0.35
196512,1.24,1.23,3.25,0.17,-1.54,-0.86,1.33,3.83,-0.31,3.47,1.01,0.33
196601,1.92,0.49,2.89,1.04,1.35,-1.3,-4.37,2.74,-3.02,5.25,0.72,0.38
196602,-0.47,-1.5,-0.73,-3.47,5.03,0.48,-1.87,-1.55,-4.17,2.09,-1.21,0.35
196603,-2.68,-3.06,-1.79,-2.23,-0.9,-4.84,-2.14,-1.6,-0.14,-2.84,-2.51,0.38
196604,0.43,0.11,2.79,3.13,7.65,1.26,3.07,-0.02,1.19,3.04,2.14,0.34
196605,-4.91,-8.11,-5.61,-3.74,-6.05,-2.98,-2.86,-5.26,-2.73,-7.87,-5.66,0.41
196606,-1.82,-2.11,-0.98,-2.28,-0.13,0.49,-2.37,0.99,-1.78,0.74,-1.44,0.38
196607,-1.21,-2.44,-1.51,0.4,-1.76,-1.17,-1.97,-1.72,-0.18,-2.05,-1.63,0.35
196608,-7.11,-7.47,-7.92,-6.36,-5.98,-4.6,-6.41,-8.07,-8.59,-11.75,-7.91,0.41
196609,-1.48,-1.04,-3.6,3.94,-1.9,-0.57,-1.96,-1.13,4.36,-1.86,-1.06,0.4
196610,4.5,0.57,2.5,8.47,0.3,9.19,-1.43,4.87,9.94,3.12,3.86,0.45
196611,2.33,-3.51,2.69,-1.14,10.88,-2.84,0.73,6.89,-1.36,7.95,1.4,0.4
196612,0.22,-2.61,1.37,-0.66,0.41,2.98,-4.09,-0.17,2.1,2.09,0.13,0.4
196701,9.42,12.19,11.19,3.59,10.2,6.23,11.81,6.41,2.84,11.97,8.15,0.43
196702,2,-1.01,1.19,-0.07,6.17,2.15,3.2,1.42,-1.72,-0.24,0.78,0.36
196703,4.45,4.27,5.76,3.61,5.44,2.94,2.39,7.83,1.53,4.18,3.99,0.39
196704,4.59,10.83,3.71,1.67,7.73,0.19,9.18,4.46,1.88,2.22,3.89,0.32
196705,-2.63,-7.28,-3.64,-2.42,-4.44,-5.67,-4.66,-5.29,-4.11,-1.89,-4.33,0.33
196706,2.65,1.52,2.09,2.28,6.32,2.72,3.83,5.38,-1.31,3.78,2.41,0.27
196707,6.03,10.71,5.08,6.92,3.92,-6.62,5.99,3.79,2.33,7.85,4.58,0.31
196708,-0.84,0.08,-0.48,-1.46,-1.01,-1.25,0.49,0.66,-0.65,-0.31,-0.89,0.31
196709,3.13,4.98,3.08,4.21,8.36,1.2,2.27,2.89,-0.09,1.35,3.11,0.32
196710,-2.66,-4.88,-4.44,-0.99,4.8,-3.49,0.67,-5.01,-5.36,-5.23,-3.09,0.39
196711,0.56,-0.69,0.67,0.78,1.37,0.09,0.81,1.33,3.17,-0.4,0.37,0.36
196712,3.2,0.88,5.21,3.09,2.19,0.13,3.44,1.62,3.28,5.49,3.05,0.33
196801,-0.58,-5.16,-6.47,-0.89,-8.69,2.69,1.12,-6.57,0.2,-1.84,-4.06,0.4
196802,-2.67,-2.31,-4.28,-2.65,-4.55,-2.4,-0.78,-4.24,-1.48,-3.56,-3.75,0.39
196803,0.74,0.52,0.79,0.76,4.16,-1.12,2.89,0.1,-3.93,-0.09,0.2,0.38
196804,11.09,12.01,10.64,5.68,12.38,2.22,12.34,11.9,2.49,12.1,9.05,0.43
196805,5.02,-0.37,3.17,1.26,3.81,-0.74,3.5,3.34,0.45,6.25,2.28,0.45
196806,1.19,-1.65,-0.28,1.81,-2,4.15,0.41,2.25,8.44,2.99,0.69,0.43
196807,-3.9,-2.85,-4.29,5.28,-5.6,-0.19,-5.07,-4.1,0.17,-2.76,-2.72,0.48
196808,2.81,1.16,3.28,1.28,0.53,1.26,2.25,0.68,-0.87,2.82,1.34,0.42
196809,4.86,6.87,4.51,3.53,2.95,2.95,7.88,0.85,0.27,9.17,4.03,0.43
196810,0.87,4.7,0.94,2.55,-4.99,3.17,0.74,-0.05,0.49,1.1,0.42,0.44
196811,4.66,-0.42,5.81,5.56,8.62,5.39,5.09,8.1,8.79,7.63,5.43,0.42
196812,-1.04,-4.42,-3.52,-2.56,-5.37,-6.64,-4.1,-1.03,-2.88,-3.75,-3.94,0.43
196901,-1.2,-1.87,-0.35,-1.12,-4.68,1.2,-1.04,-0.23,2.41,0.88,-1.25,0.53
196902,-6.59,-3.37,-5.84,-4.6,-3.58,-3.32,-4.09,-5.14,-5.2,-8.35,-5.84,0.46
196903,0.76,5,2.53,7.09,5.46,-0.42,5.14,3.34,-1.29,0.75,2.64,0.46
196904,1.03,1.3,1.31,-0.35,3.91,7.73,3.71,4.98,1.34,1.81,1.46,0.53
196905,1.19,-0.02,-0.87,3.69,-1.7,1.06,0.57,1.66,0.02,-1.11,-0.1,0.48
196906,-7.33,-5.97,-6.8,-9.92,-0.13,-3.98,-5.4,-5.03,-5.74,-10.67,-7.18,0.51
196907,-6.93,-7,-5.58,-9.63,-5.42,-4.49,-8.53,-2.73,-2.98,-9.13,-7,0.53
196908,5,3,4.12,6.58,7.03,1.66,8.17,9.2,-1.29,9.02,4.68,0.5
196909,0.26,-0.39,-2.1,-9.63,0.21,-4,-0.62,2.17,-4.14,-0.74,-2.98,0.62
196910,8.35,3.87,6.6,-1.06,5.8,3.5,6.7,8.97,8.28,7.93,5.06,0.6
196911,-2.4,-4.43,-3.57,-4.51,-1.79,1.18,-4.25,0.34,-5.26,-5.54,-3.79,0.52
196912,-1.96,-3.43,-1.28,-3.01,-0.75,-5.51,-3.03,4.3,-0.65,-3.75,-2.63,0.64
197001,-4.3,-8.24,-7.21,-11.44,-9.07,-2.56,-5.91,-7.11,-4.23,-8.81,-8.1,0.6
197002,4.72,5.86,4.81,5.38,2.95,7.95,5.29,5.57,8.36,9.4,5.13,0.62
197003,-0.86,4.98,-0.5,-0.43,-2.58,2.29,-1.7,-5.1,2.91,-1.91,-1.06,0.57
197004,-10.2,-8.77,-9.04,-9.15,-14.34,-8.79,-11.25,-10.12,-8.06,-13.7,-11,0.5
197005,-7.51,-6.23,-7.75,2.63,-9.54,-3.74,-9.63,-7.74,-5.36,-8.31,-6.92,0.53
197006,-1.57,-3.8,-4.72,-2.46,-11.76,-8.48,-4.01,-0.48,-4.7,-6.82,-5.79,0.58
197007,6.69,10.32,4.95,12.77,2.41,10.27,10.59,2.14,8.71,8.02,6.93,0.52
197008,1.5,8.29,4.54,6.53,7.99,2.5,5.22,1.8,4.67,5.03,4.49,0.53
197009,5.63,2.81,4.04,3.27,10.17,-0.93,7.96,8.01,-0.54,7.61,4.18,0.54
197010,0.65,-2.06,-3.14,2.97,-3.54,-3.75,-1.63,0.31,-0.8,-5.89,-2.28,0.46
197011,4.8,6.84,3.93,4.89,4.08,6.11,6.84,2.97,9.39,3.74,4.59,0.46
197012,7.45,6.27,8.03,2.28,4.43,6.85,5.35,5.34,7.13,8.37,5.72,0.42
197101,4.92,3.76,6.02,0.39,5.44,9.75,8.26,4.92,2.95,7.79,4.84,0.38
197102,3.79,2.24,1.22,4.73,2.78,-5.3,3.68,1.31,-2.58,2.22,1.41,0.33
197103,4.47,3.48,4.23,2.71,8.08,0.73,6.75,3.68,2.39,5.94,4.13,0.3
197104,2.21,8.56,4.44,4.34,2.37,0.82,4.99,4.23,-3.54,4.34,3.15,0.28
197105,-3.05,-4.35,-2.21,-4.68,-6.11,-5.21,-1.9,-2.13,-3.69,-4.53,-3.98,0.29
197106,-0.12,-0.52,0.44,1.04,-2.17,1.05,0.44,2.05,4.29,-1.32,-0.1,0.37
197107,-2.13,-5.28,-5.03,-2.15,-8.6,-3.69,-3.56,-2.17,-2.15,-3.86,-4.5,0.4
197108,3.13,10.53,6.49,-1.16,5.7,-0.24,6.21,3.15,-2.33,6.98,3.79,0.47
197109,-0.05,-0.05,-0.24,-1.67,-1.56,0.27,0.68,0.66,-1.49,-0.42,-0.85,0.37
197110,-4.33,-5.06,-6.03,-4.3,-4.37,-1.83,-3.39,-2.47,2.04,-4.21,-4.42,0.37
197111,-0.38,0.17,-0.93,0.02,1.77,0.43,0.25,0.69,-1.22,-0.27,-0.46,0.37
197112,10.52,6.21,10.04,8.83,11.28,7.55,10.29,7.79,8.12,8.22,8.71,0.37
197201,2.51,3.38,3.36,0.16,8.42,1.01,0.26,2.63,-0.32,3.36,2.49,0.29
197202,4.64,0.57,4.86,2.61,1.88,0.24,5.59,7.12,-2.5,2.25,2.87,0.25
197203,0.09,4.29,2.52,-5.45,1.09,-0.33,2.03,0.46,-0.14,2.29,0.63,0.27
197204,1.9,-0.59,1.87,-0.66,0.74,-1.06,-0.6,1.1,-2.8,1.79,0.29,0.29
197205,0.4,-1.2,2.09,3.62,3.71,1.24,1.47,3.71,-0.17,-0.63,1.25,0.3
197206,-1.11,-2.92,-2.21,-0.98,-2.55,-2.64,-3.95,2.54,-1.56,-4.51,-2.43,0.29
197207,-1.61,-2,0.45,-1.09,0.95,0.74,-2.47,3.1,0.05,-2.96,-0.8,0.31
197208,-0.1,3.75,2.21,12.41,2.86,5.18,-0.4,1.05,5.95,3.55,3.26,0.29
197209,-2.6,-0.92,-1.18,-0.21,-1.16,4.27,-0.56,-0.43,0.18,-1.74,-1.14,0.34
197210,0.02,-2.35,1.07,3.12,-3.3,2.27,0.9,1.5,6.77,1.12,0.52,0.4
197211,6.87,8.1,4.23,6.19,2.5,7.04,5.96,-0.53,6.39,5.12,4.6,0.37
197212,0.53,1.74,0.82,1.05,1.99,1.45,1.84,3.73,-1.54,-0.76,0.62,0.37
197301,-4.71,-6.69,-3.64,5.02,1.92,-2.12,-4.28,-1.18,-4.28,-7.47,-3.29,0.44
197302,-4.36,-6.03,-2.17,-7.36,-3.03,-4.64,-6.44,-0.71,-1.98,-6.09,-4.85,0.41
197303,-1.04,-2.85,-0.42,3.12,-1.23,0.53,-5.71,0.78,-2.16,-0.29,-1.3,0.46
197304,-6.29,-5.1,-4.56,-1.03,-6.7,0.86,-8.38,-5.48,-0.58,-7.79,-5.68,0.52
197305,-2.12,-4.3,-1.24,-3.45,-2.59,-0.84,-2.17,1.07,0.36,-5.03,-2.94,0.51
197306,-3.48,-2.61,-0.44,1.61,-0.09,-0.32,-5.74,0.02,-2.47,-0.28,-1.56,0.51
197307,7.5,7.2,6.57,0.34,4.98,-0.31,11.02,6.87,-2.39,9.58,5.05,0.64
197308,-3.33,-3.91,-1.62,-3.74,-3.68,-3.93,-4.23,-6.91,-2.09,-2.23,-3.82,0.7
197309,5.85,7.85,4.58,9.27,-2.8,7.67,7.44,0.79,7.9,7.2,4.75,0.68
197310,-2.33,-4.5,0.27,5.22,3.85,-5.54,-3.51,1.83,-3.38,-1.05,-0.83,0.65
197311,-14.32,-16.19,-14.49,-6.17,-11.46,-1.94,-18.72,-7.77,-11.61,-13.45,-12.75,0.56
197312,-1.62,-3.77,1.01,8.6,-4.32,4.54,-0.4,-4.48,3.41,2.48,0.61,0.64
197401,2.37,6.28,0.41,-7.52,1.25,2.01,6.81,-2.52,4.55,1.12,-0.17,0.63
197402,0.04,-0.99,-0.11,-1.48,-0.6,4.76,0.93,-1.23,0.27,1.02,-0.47,0.58
197403,-1.84,0.03,-0.89,-3.33,-2.76,-4.59,-3.32,1.21,-3.63,-3.64,-2.81,0.56
197404,-3.74,-3.94,-2.39,-6.3,-3.68,-5.31,-1.97,-1.48,-12.19,-6.4,-5.29,0.75
197405,-2.84,0.52,-2.09,-7.48,-4.26,-1.52,1.16,-0.12,-4.89,-8.41,-4.68,0.75
197406,-0.58,-2.71,-0.3,-0.27,-2.95,0.3,-2.72,-1.62,-6.17,-5.5,-2.83,0.6
197407,-10.2,-11.74,-7.29,-0.65,-8.45,-7.63,-12.89,-14.06,0.79,-6.65,-8.05,0.7
197408,-10.26,-6.7,-10.21,-8.54,-4.9,-0.04,-13.04,-8.11,-8.62,-10.62,-9.35,0.6
197409,-12.13,-12.76,-12.54,-7.87,-16.88,-3.81,-12.02,-15.55,-1.34,-9.59,-11.77,0.81
197410,15.63,4.1,16.26,20.97,14.83,10.85,10.23,29.52,13,20.23,16.1,0.51
197411,-3.84,-4.67,-6.16,-4.18,-4.92,-3.09,-5.73,-1.2,-0.15,-2.75,-4.51,0.54
197412,-0.6,-3.86,-4.46,0.79,-5.3,1.57,-3.41,-3.37,-0.83,-4.35,-3.45,0.7
197501,18.85,21.31,14.47,6.51,15.29,11.1,25.86,-0.61,18.84,17.82,13.66,0.58
197502,4.1,4.58,8.12,2.28,13.21,5.16,5,16.04,0.92,2.84,5.56,0.43
197503,7.08,6.69,5.07,-2.2,1,-0.85,10.48,1.28,-1.34,4.1,2.66,0.41
197504,3.11,4,9.45,7.26,5.54,-0.95,2.59,0.72,-1.58,3.3,4.23,0.44
197505,5.18,2.62,2.6,12.35,5.86,3.52,4.23,6.48,8.45,5.7,5.19,0.44
197506,5.39,10.2,3.64,6.24,2.27,4.07,7.52,0.91,10.77,5.94,4.83,0.41
197507,-5.38,-2.06,-5.85,-4.18,-9.4,-4.22,-7.45,-12.03,-4.78,-6.12,-6.59,0.48
197508,-3.14,-3.43,-0.88,-0.94,-2.97,-3.59,-0.25,-3.34,-1.3,-5.12,-2.85,0.48
197509,-2.51,-2.56,-5.65,-1.15,-0.84,-1.25,-3.5,-6.54,-0.97,-6.3,-4.26,0.53
197510,10.56,8.87,5.65,-1.39,8.38,6.82,9.8,10.68,6.51,3.89,5.31,0.56
197511,4.07,3.4,3.18,-1.63,5.02,4.26,4.42,5.12,3.12,3.57,2.64,0.41
197512,-1.51,-0.39,-1.4,0.06,-1.25,-0.1,-3.03,-6.36,1.33,-0.29,-1.6,0.48
197601,11.02,15.59,16.8,8.36,18.31,9.5,9.06,7.78,8.37,12.92,12.16,0.47
197602,-1.06,3.89,1.89,-3.15,1.2,3.56,4.54,-6.52,-3.53,3.12,0.32,0.34
197603,0.73,3.63,0.77,7.27,2.97,0.59,3.46,6.52,1.42,1.94,2.32,0.4
197604,-1.7,1.89,-1.4,2.12,-3.4,1.72,-4.65,-4.31,0.65,-1.56,-1.49,0.42
197605,-2.17,-3.18,-1.24,5.49,0.53,-2.95,-5.65,-2.81,-1.38,-1.67,-1.34,0.37
197606,3.65,4.26,3.96,5.07,8.21,3.58,1.38,3.66,4.27,5.4,4.05,0.43
197607,1.5,-1.07,-1.88,-0.66,-2.21,1.24,-2.22,-0.38,2.82,-0.05,-1.07,0.47
197608,-0.31,-1.43,-1.57,-0.88,-0.84,4.73,2.98,2.17,2.93,-1.13,-0.56,0.42
197609,1.54,4.52,0.91,5.98,2.89,1.61,0.37,3.62,4.1,0.94,2.07,0.44
197610,-1.6,-1.18,-3.55,-2.41,-4.5,1.27,-0.91,-3.75,-0.84,-0.46,-2.42,0.41
197611,1.74,-0.75,-0.53,0.86,1.66,3.15,4.9,-9.69,3.16,2.05,0.36,0.4
197612,5.23,9.7,6.08,6.27,3.84,3.46,2.32,6.26,6.53,8.39,5.65,0.4
197701,-4.07,-4.14,-5.84,0.25,-3.88,0.1,-6.99,-8.82,0.8,-4.15,-4.05,0.36
197702,-1.39,-3.49,-0.72,-2.95,-0.65,0.97,-1.87,-0.21,-3.4,-1.75,-1.94,0.35
197703,-1.4,-3.37,-0.15,-2.08,-0.04,-1.03,-2.71,-1.79,0.15,-0.11,-1.37,0.38
197704,0.53,3.19,0.57,2.57,-3.45,0.67,-3.43,-5.2,1.95,2.15,0.15,0.38
197705,-0.94,-0.5,-2.7,-0.4,-1.47,1.43,-2.76,-1.88,1.67,-0.84,-1.45,0.37
197706,4.52,4.32,3.37,6.06,7.78,1.96,6.02,9.04,5.72,5.34,4.71,0.4
197707,1.2,-2.43,-3.51,-1.84,-0.16,-0.86,-0.19,-2.24,0.87,-0.36,-1.69,0.42
197708,0.11,-0.87,-1.13,-5.72,0.49,-2.26,4.64,3.79,-3.25,-1.24,-1.75,0.44
197709,0.25,1.6,-0.97,0.78,-1.79,3.47,-0.64,-0.84,2.01,-0.07,-0.27,0.43
197710,-3.34,-4.46,-4.38,-3.58,-3.19,-5.06,-3.08,-1.68,-3.14,-4.43,-4.38,0.49
197711,4.62,1.95,4.18,3.45,5.22,2.21,5.45,6.02,4.3,6.46,4,0.5
197712,-0.02,-0.65,0.85,1.85,2.4,2.16,-1.33,0.59,-0.32,0.64,0.27,0.49
197801,-5.29,-6.86,-5.94,-6.9,-4.73,-4.16,-6.85,-1.86,-4.57,-5.32,-6.01,0.49
197802,0.13,0.41,-2.45,-1.1,-3.48,4.12,-0.43,-3,-0.4,-0.16,-1.38,0.46
197803,4.15,6.11,3.83,2.03,-0.69,2.63,2.77,4.16,2.48,5.43,2.85,0.53
197804,6.89,9.68,11.41,6.76,13.31,2.96,10.89,9.2,0.23,9.34,7.88,0.54
197805,4.24,0.13,4.28,0.81,1.62,-0.39,1.26,5.25,0.71,2.55,1.76,0.51
197806,-0.27,-2.86,-1.52,-3.73,-0.36,-1.53,-1.95,1.1,0.82,-0.27,-1.69,0.54
197807,3.56,4.63,7.66,3.44,8.58,1.43,5.07,8.87,2.82,6.57,5.11,0.56
197808,4.13,2.88,3.89,5.13,6.02,3.57,5.56,1,0.47,6.34,3.75,0.56
197809,-0.37,-0.45,-2.08,4.76,-4.16,1.21,-2.59,-2.75,-0.26,-1.25,-1.43,0.62
197810,-11.58,-11.18,-11.4,-10.61,-10.82,-4.53,-14.05,-12.84,-7.08,-14.07,-11.91,0.68
197811,2.2,0.78,3.04,6.21,5.08,3.01,2.58,5.18,3.01,2.51,2.71,0.7
197812,1.74,-0.56,1.51,2.95,6.44,0.1,-0.61,3.42,-1.23,1.32,0.88,0.78
197901,4.21,4.99,6.26,3.19,4.31,3.64,5.64,1.42,6.35,6.09,4.23,0.77
197902,-3.5,-3.54,-4.47,0.64,-3.31,-0.63,-4.33,-4.52,-1.62,-3.26,-3.56,0.73
197903,4.13,6.6,7.28,9.3,7.61,0.16,5.96,5.05,2.35,8.15,5.68,0.81
197904,0.22,2.99,-0.35,4.31,0.33,-2.13,0.69,0.42,-2.72,1.53,-0.06,0.8
197905,-1.77,-0.79,-2.29,-2.31,-1.98,0.09,-2.55,-2.64,1.39,-0.32,-2.21,0.82
197906,3.28,2.99,3.48,9.2,0.49,1.95,2.95,4.83,4.99,7.01,3.85,0.81
197907,2.07,2.05,2.08,1.7,-1.52,-0.11,1.15,0.14,2.12,3.3,0.82,0.77
197908,7.55,4.71,7.51,7.96,5.94,1.57,8.81,8.54,2.05,5.84,5.53,0.77
197909,-1.91,0.43,-0.74,5.84,-1.76,-2.39,-0.78,-0.54,-2.14,-0.68,-0.82,0.83
197910,-7.68,-9.43,-8.85,-2.39,-7.73,-5.03,-8.8,-4.34,-5.8,-10.15,-8.1,0.87
197911,5.16,-2.35,4.94,8.91,8.17,4.06,3.95,8.75,7.79,7.01,5.21,0.99
197912,3.37,3.38,4.37,2.68,1.79,-1.53,2.98,2.08,-0.92,4.14,1.79,0.95
198001,3.12,9.05,7.02,14.16,7.37,-2.05,0.92,-1.29,1.6,5.51,5.51,0.8
198002,-4.79,-6.31,-2.65,12.59,-3.56,-1.48,-4.82,-4.63,-3.36,-3.33,-1.22,0.89
198003,-8.16,-8.74,-11.68,-17.79,-12.67,-2.64,-8.52,-2.84,-6.67,-12.24,-12.9,1.21
198004,6.52,-1.91,3.25,6.85,0.72,7.3,3.43,4.28,11.96,6.05,3.97,1.26
198005,7.89,4.31,6.18,4.05,4.82,5.02,10.7,6.96,4.61,8.11,5.26,0.81
198006,2.99,2.78,2.41,5.81,3.03,-0.59,2.39,0.21,4.54,5.16,3.06,0.61
198007,7.76,11.75,10.76,1.67,15.48,1.02,10.65,8.89,-0.12,6.64,6.49,0.53
198008,1.45,1.46,1.73,3.79,3.68,6.31,1.99,0.3,-1.08,2.67,1.8,0.64
198009,0.2,0.97,3.03,6.8,2.01,-1.59,1.12,3.6,0.17,3.65,2.19,0.75
198010,0.28,-1.73,0.37,8,1.94,-3.24,-1.57,-1.29,2.01,1.56,1.06,0.95
198011,0.92,4.77,8.57,24.56,9.8,0.01,2.96,8.81,7.51,7.38,9.59,0.96
198012,1.04,-1.16,-2.12,-10.88,-1.17,0.82,-1.45,4.61,-2.02,-0.72,-4.52,1.31
198101,2,-2.2,-2.04,-10.36,-8.08,5.53,0.43,-1.57,-2.72,-2.56,-5.04,1.04
198102,2.49,6.4,4.4,-0.47,0.49,2.15,2.82,1.85,-1.32,1.7,0.57,1.07
198103,6.93,7.07,5.88,-2.49,5.01,1.16,12.7,5.87,2.96,8.45,3.56,1.21
198104,1.16,1.81,-0.84,-7.45,0.15,6.21,2.98,3,-2.58,0.93,-2.11,1.08
198105,2.64,2.89,-0.31,-4.01,4.23,7.14,2.73,3.47,1.95,2.51,0.11,1.15
198106,-0.2,-4.21,-1.38,4.75,-6.66,-1.91,-1.59,-5.58,3.45,-0.97,-2.36,1.35
198107,-0.65,-2.97,-2.73,7.86,-3.78,0.37,-3.2,-3.89,2.8,-2.69,-1.54,1.24
198108,-5.11,-7.84,-6.87,-6.4,-7.27,-0.8,-5.28,-7.75,-0.84,-5.49,-7.04,1.28
198109,-2.18,-2.97,-7.03,-12.3,-3.89,2.81,-3.75,-1.33,-5.56,-5.46,-7.17,1.24
198110,7.51,-4.14,3.76,10,5.15,6.03,6.87,7.95,4.87,7.15,4.92,1.21
198111,2.69,4.82,4.3,6.86,1.54,2.64,1,3.93,5.91,5.08,3.36,1.07
198112,-1.79,0.41,-1.5,-6.54,-0.02,-1.43,-2.17,-0.75,-2.33,-3.74,-3.65,0.87
198201,-0.9,1.21,-3.19,-8.58,2.78,0.67,0.19,1.45,-0.69,-3.25,-3.24,0.8
198202,-1.97,-1.94,-5.76,-10.94,-5.22,-5.7,-1.45,-1.8,-0.43,-3.92,-5.86,0.92
198203,2.47,3.64,-1.72,-3.61,-3.57,2.05,4.25,-2.58,1.63,-1.3,-1.87,0.98
198204,6.64,4.48,3.13,4.4,7.44,-0.17,5.45,7.34,3.83,3.71,3.27,1.13
198205,-3.21,-1.82,-4.6,2.47,-5.42,-1.05,-2.68,-3.05,-0.5,-5.47,-3.99,1.06
198206,1.7,2.7,-2.6,-6.47,-2.33,-2.55,2.95,-0.73,-2.24,-2.43,-3.09,0.96
198207,-0.47,-0.4,-2.3,-7.95,1.56,1.17,0.16,0.81,-2.61,-3.02,-3.19,1.05
198208,9.2,13.76,13.8,9.83,12.78,10.84,12.48,12.38,11.92,11.33,11.14,0.76
198209,5.33,-0.72,-1.02,1.95,1.2,1.05,4.64,1.34,1.09,4.16,1.29,0.51
198210,10.58,16.56,12.95,5.61,16.96,8.18,16.94,8.34,4.9,15.7,11.3,0.59
198211,5.16,8.22,5.73,-4.39,10.67,6.02,11.02,5.24,0.11,7.61,4.67,0.63
198212,0.85,3.14,0.8,5.47,2.7,-1.22,-2.15,0.54,4.28,-1.32,0.55,0.67
198301,-1.01,5.12,5.03,3.7,8.4,12.34,1.45,1.48,3.65,2.84,3.6,0.69
198302,3.77,3.56,4.09,-0.39,3.59,-0.29,8.06,2.78,1.45,4.61,2.59,0.62
198303,7.39,-1.07,2.15,5.99,0.68,0.71,8.56,4.61,0.3,4.96,2.82,0.63
198304,6.3,11.03,6.34,9.46,7.49,5.13,8.68,5.1,4.78,8.23,6.67,0.71
198305,-0.88,-2.14,2.17,1.3,2.75,-1.26,0.4,-2.7,2.62,2.45,0.52,0.69
198306,2.97,10.4,1.63,6.48,6.12,0.22,6.12,6.87,-0.41,1.6,3.07,0.67
198307,-2.6,-3.62,-2.46,-2.31,-5.39,-5.17,-3.31,-5.59,1.05,-3.67,-4.07,0.74
198308,0.63,-2.48,0.74,7.19,-1.1,2.19,-4.83,-1.08,1.5,-0.84,-0.5,0.76
198309,4.59,4.44,2.38,-4.85,2.12,2.26,2.3,1.29,4.66,1.63,0.91,0.76
198310,-0.25,0.36,-2.29,-2.11,-6.9,-5.22,-1.6,-2.16,3.07,-4.03,-3.44,0.76
198311,2.27,4.12,6.32,-0.56,2.27,3.17,4.42,-3.02,-1.56,4.68,2.16,0.7
198312,-0.46,0.97,-1.04,1.9,0.38,-1.52,-4.78,-3.59,-3.64,-0.86,-1.78,0.73
198401,-0.75,-5.39,-3.51,9.98,-6.16,4.06,-5.9,-0.6,1.49,-1.67,-1.92,0.76
198402,-5.73,-6.08,-6.62,3.88,-5.95,-3.7,-4.47,-1.98,-3.36,-4.88,-4.82,0.71
198403,1.56,0.37,3.22,0.16,1.85,-4.21,1.26,-0.69,-0.24,2.46,0.63,0.73
198404,0.47,1.3,0.01,4.07,-0.44,2.18,0.25,2.28,-0.39,-2.08,-0.51,0.81
198405,-2.41,-5.56,-5.68,-5.07,-5.51,-3.49,-5.14,-6.48,-0.83,-6.86,-5.97,0.78
198406,6.31,1.99,3.22,-2.21,1.79,12.26,7.4,3.82,0.48,2.24,1.82,0.75
198407,-1.73,2.59,-1.51,-7.16,-2.34,2.89,0.11,-3.83,-0.03,-1.8,-2.74,0.82
198408,8.77,10,11.97,13.74,13.87,7.15,9.89,10.26,7.75,11.17,10.28,0.83
198409,1.27,-0.14,-2.5,2.11,-3.9,4.04,0.02,-4.4,4.81,2.26,-0.8,0.86
198410,1.43,2.16,0.54,-4.5,-0.51,-3.52,-0.72,1.6,3.32,0.73,-0.84,1
198411,0.3,-2.99,-1.4,-1,-3.84,0.47,-2.82,-0.04,3.03,-0.31,-1.76,0.73
198412,2.45,4.59,2.18,-0.56,2.43,5.32,0.7,2.8,2.64,3.71,1.84,0.64
198501,5.02,9.81,8.44,6.51,12.56,5.25,13.25,8.28,2.39,9.79,7.99,0.65
198502,5.04,-1.59,1.4,3.81,-1.3,3.37,2.04,3.59,1.39,2.16,1.22,0.58
198503,4.69,-5.24,-2.71,1.56,-6.02,4.46,-0.56,3,6.11,-0.14,-0.84,0.62
198504,-2.12,-3.45,-1.51,3.86,-3.62,-0.71,0.11,-1.73,1.62,1.46,-0.96,0.72
198505,7.9,5.94,6.12,0.65,2.87,8.35,9.61,9.59,5.51,6.36,5.09,0.66
198506,2.72,1.51,1.55,-0.79,-0.69,4.5,1.56,2.29,3.63,2.95,1.27,0.55
198507,-2.58,2.4,3.47,-0.34,4.47,-4.56,-4.03,-0.4,-4.7,-0.15,-0.74,0.62
198508,0.76,-2.62,-1.14,1.4,-2.53,0.54,-0.62,-0.8,1.92,-0.46,-1.02,0.55
198509,-0.65,-3.26,-3.93,-1.31,-4.76,-4.17,-4.29,-3.89,-5.31,-4.92,-4.54,0.6
198510,3.58,0.87,3.3,6.16,3.05,4.06,6.81,3.19,6.3,6.37,4.02,0.65
198511,8.48,9.98,7.85,0.48,8.66,7.38,7.89,9.78,4.24,7.41,6.48,0.61
198512,5.42,7.18,4.57,-3.15,8.27,6.2,4.56,3.48,4.85,4.5,3.88,0.65
198601,1.84,2.19,1.54,-6.77,-0.26,-3.94,1.49,1.14,3.78,3.54,0.65,0.56
198602,10.81,10.92,10.18,0.76,4.98,7.39,7.69,6.08,6.55,8.34,7.13,0.53
198603,8.03,7.91,6.02,0.01,-0.08,3.81,8.64,12.05,3.95,5.76,4.88,0.6
198604,0.43,-3.55,-1.73,0.71,3.92,2.42,0.17,0.72,-3.89,-2.65,-1.31,0.52
198605,8.85,3.18,4.45,7.31,0.99,4.81,9.9,7.24,3.62,4.67,4.62,0.49
198606,6.24,-1.26,0.02,-2.34,-3.97,5.44,3.86,5.67,5.08,1.53,1.03,0.52
198607,-5.7,-9.04,-7.28,-5.34,-8.34,-3.02,-9.52,-5.36,5.14,-6.4,-6.45,0.52
198608,2.62,7.52,6.17,16.62,6.97,6.87,1.73,4.01,7.9,6.92,6.07,0.46
198609,-10.82,-8.18,-6.79,-0.95,-7.06,-9.29,-8.41,-12.57,-9.09,-8.82,-8.6,0.45
198610,8.86,6.49,6.47,2.03,0.63,4.66,7.45,7.93,5.24,4.26,4.66,0.46
198611,0.74,4.83,2.83,3.08,3.52,3.94,1.83,1.35,0.55,-0.62,1.17,0.39
198612,-3.19,-2.19,-1.91,-0.49,-3.68,-3.73,-6.27,-1.25,-3.31,-2.53,-3.27,0.49
198701,14.51,18.81,14.33,13.91,16.45,5.31,11.53,13.16,9.3,11.16,12.47,0.42
198702,5.62,3.47,4.79,-1.63,9.41,0.04,9.87,11.28,-2.15,4.68,4.39,0.43
198703,1.07,4.63,3.24,12.28,2.68,1.43,1.75,0.15,-1.66,-0.31,1.64,0.47
198704,-3.66,4.08,-1.38,0.11,4.37,-2.42,-2.84,-2.46,-4.33,-4.08,-2.11,0.44
198705,2.57,-1.41,0.5,3.04,0.3,3.33,-0.11,1.23,-1.85,-0.02,0.11,0.38
198706,6.82,2.98,5.09,5.72,0.01,7.04,6.51,4.76,3.39,4.63,3.94,0.48
198707,5.68,6.96,7.2,3.32,1.02,6.01,5.9,5.75,-1.68,3.59,3.85,0.46
198708,3.73,5.68,2.7,1.74,7.4,5.1,3.32,2.2,3.71,4.35,3.52,0.47
198709,-2.75,-3.98,0.35,-3.81,-2.71,2.99,-6.34,-2.55,-2.31,-1.8,-2.59,0.45
198710,-21.03,-26.93,-27.33,-18.41,-25.93,-12.35,-28.23,-20.46,-6.94,-23.58,-23.24,0.6
198711,-8.02,-8.52,-5.16,-10.53,-9.8,-8.92,-8.48,-9.31,-2.53,-6.62,-7.77,0.35
198712,7.52,8.61,10.84,6.7,11.86,4.27,8.55,5.34,0.57,5.4,6.81,0.39
198801,3.02,4.48,0.39,8.61,-2.44,9.76,5.63,6.37,9.76,6.42,4.21,0.29
198802,6.01,6.27,7.52,3.53,7.47,1.32,10.52,4.2,-1.43,4.32,4.75,0.46
198803,-1.52,-4.17,-1.17,2.49,-4.65,-3.82,-0.99,-2.55,-3.17,-1.34,-2.27,0.44
198804,-0.07,2.9,1.63,4.54,2.59,0.67,1.74,-1.99,-0.29,-0.39,0.56,0.46
198805,-0.3,1.23,-0.31,-0.49,-1.31,2.17,-1.36,-0.26,3.59,0.95,-0.29,0.51
198806,3.41,8.26,7.43,-2.01,9.4,3.01,6.68,2.68,3.23,6.02,4.79,0.49
198807,1.62,-0.82,-2.35,3.5,-5.1,0.02,-0.8,0.49,-0.26,-0.51,-1.25,0.51
198808,-0.22,-6.68,-4.42,-1.5,-8.19,-3.05,-2.56,-1.08,-0.13,-0.89,-3.31,0.59
198809,6.49,3.9,3.43,-2.41,2.84,7.36,8.05,3.86,2.71,4.17,3.3,0.62
198810,8.16,3.33,0.69,1.82,0,2.8,1.7,1.22,2.53,-0.02,1.15,0.61
198811,-1.14,-0.94,-2.15,-0.31,-3.15,0.34,-2.83,-2.16,-0.46,-2.13,-2.29,0.57
198812,3.51,0.26,3.12,1.83,4.89,1.62,1.48,1.83,1.02,0.94,1.49,0.63
198901,5.64,7.6,7.52,6.32,7.09,8.96,6.36,6.8,2.76,6.89,6.1,0.55
198902,-1.4,-2.99,-2.09,-1.31,-3.76,-1.22,-1.8,-1.15,-1.82,-0.39,-2.25,0.61
198903,5.43,-1.41,1.2,3.82,-5.49,5.56,2.88,4.96,0.57,3.43,1.57,0.67
198904,5.73,0.47,5.33,2.61,5.19,9.63,5.53,5.41,3.9,4.64,4.33,0.67
198905,5.37,2.3,3.64,2.82,2.46,5.79,5.27,3.43,5.34,4.21,3.35,0.79
198906,1.48,1.28,-2.68,-0.96,-3.26,-0.03,-2.06,-2.74,3.4,0.93,-1.35,0.71
198907,11.98,5.12,7.63,3.76,2.95,8.57,9.14,13.89,5.8,8.12,7.2,0.7
198908,-1.99,5.43,4.43,3.36,2.53,1.02,2.7,0.37,-0.8,3.41,1.44,0.74
198909,-0.54,-4.6,-2.53,1.41,-2.71,3.81,-2.23,2.38,0.48,1.42,-0.76,0.65
198910,-2.49,-5.7,-4.36,0.46,-4.42,-2.04,-4.11,0.39,1.01,-4.82,-3.67,0.68
198911,1.68,-1.18,3.06,3.93,-1.8,1.99,1.36,4.53,3.23,-0.02,1.03,0.69
198912,1.36,-1.45,2.99,5.86,-1.09,5.73,1.24,1.05,4.79,-1.5,1.16,0.61
199001,-9.43,-3.84,-6.29,-4.14,-1.28,-13.4,-6.24,-7.37,-5.35,-8.84,-7.85,0.57
199002,-0.39,5.13,2.55,3.03,4.11,-0.34,1.92,-2.06,0.22,2.55,1.11,0.57
199003,4.54,2.9,3.91,-0.48,4.46,4.18,5.3,3.86,-0.75,-0.31,1.83,0.64
199004,-0.27,-4.04,-2.74,-3.59,-2,-3.46,-1.91,0.29,-5.51,-3.46,-3.36,0.69
199005,9.04,7.76,8.08,5.95,12.54,9.39,11.7,12.76,5.42,9.06,8.42,0.68
199006,2.03,-2.25,-0.6,-2.08,-1.17,-4.71,1.62,4.44,0.75,-1.58,-1.09,0.63
199007,-0.81,-3.48,0.22,8.23,-7.43,-4.59,-4.01,2.59,0.88,-3.45,-1.9,0.68
199008,-7.36,-14.27,-12.06,-1.2,-12.04,-10.72,-12.17,-6.82,-6.63,-11.39,-10.15,0.66
199009,-4.11,-10.58,-8.04,-1.59,-6.66,1.29,-8.42,-4.35,0.48,-10,-6.12,0.6
199010,2.45,-3.22,-1.81,-4.2,-3.5,2.8,-3.07,1.43,7.23,-6.36,-1.92,0.68
199011,6.55,4.11,7.4,1.63,11.19,3.1,10.37,9.45,2.3,10.65,6.35,0.57
199012,4.41,-0.44,4.88,-2.17,4.18,1.75,3.39,2.75,0.8,5.45,2.46,0.6
199101,5.15,7.29,6.44,-2.01,14.96,0.18,9.41,4.53,-1.37,7.47,4.69,0.52
199102,10.29,10.24,5.97,8.39,6.41,3.41,8.04,9.85,4.83,9.69,7.19,0.48
199103,4.78,1.16,1.36,1.28,0.75,2.34,8.61,5.43,1.71,3.07,2.65,0.44
199104,-0.96,-2.35,0.39,2.53,-2.89,1.12,1.96,-1.12,-0.03,1.3,-0.28,0.53
199105,3.59,14.72,7.38,-1.39,3.61,-1.45,7.53,4.61,0.16,4.97,3.65,0.47
199106,-4.95,-4.46,-4.2,-3.7,-8.82,-1.9,-4.18,-4.16,-2.37,-5.22,-4.94,0.42
199107,5.67,-0.41,3.16,5.02,4.63,3.2,5.4,8.44,3.99,4.69,4.24,0.49
199108,5.4,-2.14,1.95,1.75,2.81,0.84,3.67,2.86,3.53,3.1,2.32,0.46
199109,-3.25,-2.68,-2.29,-0.7,-1.3,0.54,-3.25,-0.4,3.73,-0.56,-1.59,0.46
199110,-0.6,-1.99,1.52,2.03,1.99,2.11,-1.96,6.64,1.23,2.33,1.29,0.42
199111,-0.52,-7.97,-5.45,-7.67,-4.37,-4.92,-1.21,-2.55,1.89,-5.37,-4.19,0.39
199112,14.63,7.64,11.51,1.94,9.13,9.83,13,16.47,5.01,12.6,10.84,0.38
199201,-3.05,10.49,2.21,-4.15,6.63,-2.62,0.33,-5.55,-4.58,2.11,-0.59,0.34
199202,1.1,12.28,2.04,-0.52,3.86,-1.21,2.6,-2.59,-1.23,3.15,1.09,0.28
199203,-1.56,0.79,-1.25,-2.78,-5.17,-0.98,-1.33,-5.46,-0.53,-2.15,-2.66,0.34
199204,0.74,7.9,2.99,9.47,-1.02,6.85,-3.48,-2.15,2.68,0.52,1.07,0.32
199205,1.38,-1.92,-0.56,3.2,0.03,-1.7,0.18,1.08,2.54,1.53,0.3,0.28
199206,-2.88,2.16,-3.3,-3.48,-4.09,1.24,-1.9,-4.68,0.54,-0.01,-2.34,0.32
199207,4.67,0.43,3.01,5.35,2.98,5.37,3.84,5.73,6.69,3.2,3.77,0.31
199208,0.85,-9.46,-3.54,2.57,-4.55,-1.05,-0.55,-3.3,-0.49,-3.41,-2.38,0.26
199209,1.1,0.29,1.81,0.14,3.36,1.81,4.04,-4.9,0.82,3.46,1.19,0.26
199210,-0.85,0.06,0.82,-3.46,2.12,-0.53,4.32,3.32,-0.42,2.96,1.02,0.23
199211,3.65,8.64,3.96,-2.64,6.35,4.29,7.19,4.87,-0.24,6.02,4.13,0.23
199212,0.08,3.37,1.48,1.92,0,5.57,0.61,-1.4,2.7,3.83,1.53,0.28
199301,-0.78,9.48,-0.04,2.75,4.84,1.16,0.03,-6.77,2.45,3.27,0.93,0.23
199302,-2.05,-0.28,1.65,6.01,-0.35,5.72,-1.52,-8.94,6.21,0.42,0.12,0.22
199303,0.01,5.45,2.25,4.1,2.21,3.26,2.77,0.81,1.77,3.9,2.3,0.25
199304,-9.24,2.31,-0.09,1.18,-3.68,-2.87,-8.14,1.31,-0.15,-3.22,-3.05,0.24
199305,2.67,1.08,2.38,1.74,8.78,4.23,5.87,3.61,-0.06,1.71,2.89,0.22
199306,-0.75,3.31,-0.22,-1.12,-0.43,4.64,-2.89,-2.92,3.18,2.21,0.31,0.25
199307,-2.36,1.68,-0.02,0.48,-3.89,2.15,0.65,-6,1.95,2.06,-0.34,0.24
199308,4.28,0.5,3.43,4.22,6.41,5.47,3.97,3.06,3.67,3.46,3.71,0.25
199309,-1.79,0.82,-1.96,1.44,1.33,-0.48,-0.33,0.91,-0.63,1.69,-0.12,0.26
199310,6.09,7.51,3.17,-1.87,1.6,2.59,4.61,6,-1.96,-2.28,1.41,0.22
199311,0.67,0.84,1.18,-5.89,0.01,-6.04,0.67,1.11,-5.51,-2.8,-1.89,0.25
199312,1.46,4.51,3.73,0.53,2.98,-0.44,-2.09,2.49,1.61,2.61,1.65,0.23
199401,-0.44,6.96,4.82,4.86,4.72,2.01,0.63,1.93,-1.22,4.42,2.87,0.25
199402,-1.28,-4.36,-0.61,-2.97,1.66,-5.53,1.98,-5.55,-4.95,-3.9,-2.55,0.21
199403,-4.05,-6.42,-4.39,-3.63,-3.89,-3.74,-4.61,-6.71,-3.93,-4.3,-4.78,0.27
199404,1.22,-0.45,0.09,4.13,-1.6,1.42,0.25,2.4,2.11,1.26,0.68,0.27
199405,-1.33,-2.77,2.09,0.89,2.09,1.66,-1.91,4.37,-5.35,3,0.58,0.31
199406,-1.83,-3.43,-2.56,-2.68,-5.23,0.71,-2.62,-3.69,-3.13,-2.64,-3.03,0.31
199407,2.95,3.7,4.55,3.3,3.87,3.2,0.81,1.04,5.16,2.65,2.82,0.28
199408,6.05,-0.23,4.76,-0.06,9.27,1.16,4.58,10.72,0.66,3.47,4.01,0.37
199409,-0.32,-5.06,-1.65,-2.08,-0.49,-1.1,-2.34,1.72,-2.78,-4.23,-2.31,0.37
199410,2.16,-1.46,0.59,7.37,7.23,-0.09,1.22,0.88,1.56,0.15,1.34,0.38
199411,-1.66,-5.07,-5.45,-4.84,-2.14,-5.45,-3.39,0.43,0.26,-5.18,-4.04,0.37
199412,1.32,3.83,4.08,-0.99,2.5,0.9,-2.86,0.53,0.35,1.47,0.86,0.44
199501,1.84,-5.84,-0.39,0.37,-0.82,4.2,1.53,6.16,6.23,4.72,1.8,0.42
199502,3,5.07,5.51,4.48,6.75,1.51,2.69,2.24,0.82,4.86,3.63,0.4
199503,2.73,1.44,3.5,5.27,4.52,0.28,3.5,2.7,-1.75,1.98,2.19,0.46
199504,1.84,1.41,2.98,2.34,8.29,1.59,-1.67,3.07,2.38,1.61,2.11,0.44
199505,4.72,4.84,3.18,4.08,3.08,0.63,2.7,1.62,6.01,4.47,2.9,0.54
199506,1.69,0.83,2.09,-3.09,9.79,3.86,4.92,4.47,-0.46,2.15,2.72,0.47
199507,1.25,2.65,3.52,2.3,7.91,5.14,3.54,5.3,-0.38,4.87,3.72,0.45
199508,0.68,0.72,-0.18,-1.61,-0.08,4.33,-2.78,1.04,0.98,3.72,0.55,0.47
199509,6.69,-0.52,2.25,1.31,1.28,5.63,2.75,7.45,6.24,4.56,3.35,0.43
199510,0.36,-4.78,-2.69,-0.24,1.45,-0.12,-5.5,1.13,1.48,-2.05,-1.52,0.47
199511,4.52,5.45,6.49,4.76,-0.68,2.8,6.16,4.94,1.56,6.17,3.96,0.42
199512,1.7,3.15,1.54,5.79,-4.2,3.94,-0.81,5.92,5.06,1.12,1.03,0.49
199601,2.67,3.49,3.36,-0.36,1.95,2.33,-0.37,5.95,1.91,3.52,2.26,0.43
199602,3.12,2.02,0.9,1.05,6.33,-2.2,4.33,-1.07,-2.58,2.23,1.33,0.39
199603,-0.94,4.28,3.48,4.98,-3.42,-1.87,5.96,0.23,-0.47,1.7,0.73,0.39
199604,0.1,3.54,1.64,3.44,10.01,2.7,4.22,-0.6,-2.59,0.19,2.06,0.46
199605,6.56,2.24,2.36,0.48,3.85,0.06,4.39,3.93,1.35,1.58,2.36,0.42
199606,3.24,-4.93,-0.46,0.92,-4.92,0.43,-1.62,-0.19,5.21,-0.25,-1.14,0.4
199607,-4.1,-4.18,-4,-4.67,-7.52,-8.54,-7.53,-6.06,-5.82,-4.32,-5.97,0.45
199608,-0.75,3.16,3.24,2.97,4.42,-0.92,5.83,4.19,2.89,3.91,2.77,0.41
199609,3.68,2.39,6.14,4,10.58,1.52,3.52,7.34,0.67,5.07,5.01,0.44
199610,1.78,0.13,1.61,5.84,-1.25,-0.73,-2.23,-0.68,3.61,3.96,0.86,0.42
199611,5.13,6.01,6.09,5.53,12.02,5.65,3.12,6.66,2.61,7.54,6.25,0.41
199612,0.51,-3.19,-0.42,0.8,-2.53,2.63,-3.46,-2.66,0.14,-1.8,-1.7,0.46
199701,5.58,3.16,4.25,4.32,9.38,2.34,0.17,9.55,0.9,6.04,4.98,0.45
199702,4.09,0.35,0.81,-5.69,-7.44,2.28,3.08,0.94,-0.57,2.6,-0.49,0.39
199703,-5.12,-3.94,-3.74,5.21,-5.55,-7.6,-1.29,-7.4,-2.76,-5.89,-5.02,0.43
199704,5.19,2.31,5.34,0.05,8.15,2.54,2.21,6.16,-1.39,5.23,4.04,0.43
199705,5.89,6.67,7.81,7.33,10.14,6.64,6.04,6.91,3.77,6.24,6.74,0.49
199706,3.53,3.9,5.21,1.31,1.34,3.78,5.02,8.89,3.06,5.37,4.1,0.37
199707,3.35,7.46,7.15,7.4,15.96,2.75,7.78,2.06,2.81,9.23,7.33,0.43
199708,-6.25,1.37,-5.55,0.24,-1.3,-2.28,-2.57,-6.14,-1.16,-4.8,-4.15,0.41
199709,5.56,5.34,3.31,6.3,3.47,9.68,5.19,6.62,4.65,7.91,5.35,0.44
199710,-3.14,-3.3,-5.88,-2.01,-8.42,3.33,-2.2,0.26,0.94,-2.63,-3.8,0.42
199711,6.45,-1.63,4.22,-3.55,1.46,10.26,5.35,2.86,7.14,3.02,2.98,0.39
199712,3.78,4.1,-0.25,-1.51,-4.18,4.56,-0.24,3.55,7.97,5.34,1.32,0.48
199801,-2.89,0.55,0.72,-5.73,5.25,4.84,0.91,5.73,-4.37,-2.12,0.15,0.43
199802,5.14,12.28,7.12,6.83,10.42,2.62,10.38,5.44,2.65,8.19,7.04,0.39
199803,5.72,6.24,4.88,4.8,1.33,9.81,6.55,3.61,6.77,5.79,4.76,0.39
199804,-3.1,0.99,1.25,3.8,5.08,-3.03,-0.38,1.92,-2.51,1.82,0.73,0.43
199805,1.08,7.2,-2.47,-4.2,-6.95,-1.65,2.14,-2.47,-0.88,-3.01,-3.07,0.4
199806,3.8,1.8,-0.57,-1.36,8.73,3.21,4.81,6.18,2.84,3.13,3.18,0.41
199807,-4.07,-1.32,-5.77,-6.79,0.47,3.83,-3.1,-0.22,-5.34,-1.71,-2.46,0.4
199808,-12.99,-19.17,-14.29,-10.41,-17.6,-11.74,-14.24,-12.26,2.25,-21.36,-16.08,0.43
199809,1.3,1.55,0.57,13.01,15.2,10.02,1.48,12,7.98,2.68,6.15,0.46
199810,10.8,11.71,11.19,1.28,6.35,6.82,10.56,3.86,-1.76,8.98,7.13,0.32
199811,6.33,4.84,3.59,0.45,11.62,3.67,9.55,6.18,1.35,6.2,6.1,0.31
199812,0.51,4.26,2.33,-1.16,15.25,14.32,8.97,5.02,2.83,3.6,6.16,0.38
199901,-3.41,5.43,0.56,-5.51,15.09,8.79,2.36,0.24,-6.26,1.11,3.5,0.35
199902,-3.78,-4.31,-1.95,-3.17,-11.46,-2.92,-1.5,0.22,-3.78,-0.01,-4.08,0.35
199903,-1.96,-0.84,4.75,15.42,8.51,-0.66,2.79,2.55,-1.69,2.41,3.45,0.43
199904,3.76,10.33,9.27,15.91,2.36,8.33,0.51,-5.53,7.18,6.77,4.33,0.37
199905,1.41,-5.54,-3.17,-3.13,-0.67,1.03,-2.88,-2.05,6.72,-3.52,-2.46,0.34
199906,0.33,0.59,4.56,-1.48,11.72,5.85,7.92,4.49,-4.29,3.24,4.77,0.4
199907,-2.48,-5.97,-1.1,1.65,-1.8,-1.61,-5.02,-4.44,-0.61,-6.06,-3.47,0.38
199908,-4.63,1.12,-0.36,1.86,5.45,-7.57,-5.97,3.72,0.62,-5.12,-1.38,0.39
199909,-6.78,-7.76,-2.82,-3.88,-0.21,4.45,1.45,-7.09,-4.31,-4.38,-2.81,0.39
199910,6.46,4.44,4.37,-1.58,3.25,9.53,3.34,10.78,2.17,11.42,6.13,0.39
199911,-1.23,-1.93,-1.04,3.78,12.87,4.29,4.18,1.5,-7.45,-2.25,3.37,0.36
199912,-2.5,2.88,9.79,0.68,20.76,4.18,6.46,-5.63,-2.34,1.43,7.72,0.44
200001,-4.77,-0.87,-7.99,0.9,-4.71,-4.04,-11.23,7.56,5.75,-4.64,-4.74,0.41
200002,-6.19,-7.95,-4.24,-5.44,18.18,-3.59,-3.86,-2.88,-7.26,-6.98,2.45,0.43
200003,7.74,10.51,8.36,12.26,3.95,7.57,13.28,0.28,5.77,14.12,5.2,0.47
200004,-1.82,9.27,0.96,-1.98,-10.69,-7.9,-4.27,5.25,7.6,-3.41,-6.4,0.46
200005,7.22,-13.22,-1.41,9.44,-10.84,-10.41,-2.7,3.94,3.9,3.46,-4.42,0.5
200006,2.39,-9.48,-1.14,-5.17,13.03,4.16,-2.32,11.51,-4.76,-2.82,4.64,0.4
200007,0.79,4.61,-0.63,-2.61,-5.18,-7.41,-1.37,-6.16,4.43,5.55,-2.51,0.48
200008,-1.81,4.57,6.96,8.91,12.56,-0.96,-2.45,3.58,11.72,9.08,7.03,0.5
200009,3.46,-4.1,-6.06,4.37,-14.99,-4.07,2.7,3.72,9.63,0.36,-5.45,0.51
200010,7.63,1.88,4.59,-3.05,-7.28,-0.42,-1.51,2.59,-2.25,-1.07,-2.76,0.56
200011,2.78,-11.21,-3.63,-2.95,-23.36,-15.51,-1.37,0.79,3.1,-5.95,-10.72,0.51
200012,5.46,1.07,7.14,7.75,-7.95,-4.38,5.62,3.53,6.58,7.18,1.19,0.5
200101,-1.92,13.2,-0.12,-3.39,16.53,14.39,6.63,-8.93,-10.77,0.05,3.13,0.54
200102,0.18,-1.25,-4.29,0.12,-25.96,-9.89,-5.35,-0.5,6.24,-4.38,-10.05,0.38
200103,-4.65,-3.06,-7.31,-0.31,-13.59,-5.69,-2.87,-8.44,1.64,-4.11,-7.26,0.42
200104,0.93,8.44,8.48,10.32,17.99,2.51,5.6,3.99,5.46,5.78,7.94,0.39
200105,3.35,-2.32,2.89,0.09,-3.33,-1.28,1.6,3.03,0.01,3.75,0.72,0.32
200106,-1.61,3.48,-4.52,-7.71,1.48,-3,-2.49,-2.85,-6.22,0.03,-1.94,0.28
200107,-0.19,3.28,0.5,-2.55,-7.58,-0.67,4.59,2.3,-3.66,-2.27,-2.13,0.3
200108,2.51,-11.36,-1.91,-3.59,-12.65,-9.24,-6.98,-3.11,0.42,-5.33,-6.46,0.31
200109,-2.57,-16.9,-12.76,-5.65,-18.94,-2.45,-9.6,-0.59,-6.39,-8.3,-9.25,0.28
200110,1.08,0.9,3.88,4.78,15.68,-9.39,1.64,1.18,1.41,-0.58,2.46,0.22
200111,2.08,15.5,8.35,-4.11,15.92,6.09,10.14,5.04,-1.63,7.92,7.54,0.17
200112,2.02,-0.91,2.67,6.16,-0.59,2.74,4.51,-2.88,3.85,3.3,1.61,0.15
200201,1.92,2.94,1.65,-2.99,-0.56,-7.14,2.76,-2.36,-4.07,-2.92,-1.44,0.14
200202,4.36,3.05,4.3,5.19,-13.2,-2.39,-0.09,-0.51,-0.25,-0.52,-2.29,0.13
200203,3.74,6.92,4.96,7.81,6.43,0.31,2.03,0.47,10.04,5.43,4.24,0.13
200204,2.66,1.74,-1.48,-4.4,-11.76,-12.71,-1.38,-7.59,-0.56,-3.74,-5.2,0.15
200205,1.44,-0.21,-0.31,-0.59,-3.78,3.01,-1.26,-2.23,-6.47,-0.39,-1.38,0.14
200206,-5.79,-8.11,-3.11,-0.44,-12.21,-14.4,-5.08,-9.6,-5.36,-5.38,-7.21,0.13
200207,-6.72,-12.26,-8.51,-11.95,-9.63,-11.67,-11.31,-2.55,-12.3,-6.41,-8.18,0.15
200208,2.49,0.38,-1.27,0.54,-0.88,0.33,1.9,0.65,3.38,1.14,0.5,0.14
200209,-7.68,-11.08,-8.26,-8.13,-16.74,-9.3,-9.4,-5.86,-10.86,-10.7,-10.35,0.14
200210,5.22,-3.3,3.89,3.28,19.41,21.36,5.7,5.68,-0.68,6.38,7.84,0.14
200211,-1.27,12.07,6.23,3.17,16.13,11.76,1.93,3.71,1.62,4.61,5.96,0.12
200212,0,-7.26,-3.76,0.76,-13.03,-9.07,-6.94,-4.05,3.85,-4.98,-5.76,0.11
200301,-4.78,-3.23,-4.07,-2.41,-1.47,-3.53,-4.77,-0.59,-3.17,-2.32,-2.57,0.1
200302,-3.11,-5.05,-2.16,1.98,1.27,-6.44,-1.21,-1.94,-3.92,-2.62,-1.88,0.09
200303,-2.67,-2.76,1.31,1.18,-0.97,-0.6,4.61,3.79,4.35,0.75,1.09,0.1
200304,4.7,15.18,6.39,-0.57,9.26,11.15,8.9,4.32,7.44,11.78,8.22,0.1
200305,9.22,2.85,4.63,8.91,9.75,6.16,3.41,3.91,10.11,5.3,6.05,0.09
200306,1.57,2.68,0.54,-1.21,0.24,1.97,3.47,4.11,0.66,0.94,1.42,0.1
200307,-2.33,6.6,4.95,-2.7,5.66,-1.65,3.32,0.62,-5.25,3.53,2.35,0.07
200308,0.66,7.86,4.19,6.26,6.07,1.34,6.76,-2.53,1.91,0.61,2.34,0.07
200309,1.11,-4.07,-3.75,-2.31,-0.89,-5.65,-4.53,0.24,3.9,0.35,-1.24,0.08
200310,5.59,6.97,8.86,1.54,8.23,6.66,9.03,0.72,1.58,6.42,6.08,0.07
200311,3.78,3.09,2.08,0.61,1.89,-0.63,0.58,1.64,0.94,1.11,1.35,0.07
200312,3.31,12.3,6.75,13.58,2.11,7.39,-2.13,5.69,5.81,4.48,4.29,0.08
200401,0.12,-1.12,-0.62,0.45,4.49,1.42,0.45,3.04,1.92,2.72,2.15,0.07
200402,4.28,-0.11,1.99,4.69,-2.92,-0.79,6.08,0.91,2.06,2.02,1.4,0.06
200403,-0.3,-1.15,-0.22,-0.16,-2.53,-2.44,0.3,-3.91,1.17,-0.61,-1.32,0.09
200404,1.51,2.38,-0.19,2.48,-4.89,-0.51,-2.68,3.57,-3.51,-3.84,-1.83,0.08
200405,-2.19,-1.61,1.59,0.42,4.82,-2.95,0.27,-0.38,1.28,2.08,1.17,0.06
200406,1.87,5.08,5.35,5.49,2.63,0.56,0.07,-0.38,2.01,1.51,1.86,0.08
200407,-5.83,-4.69,-4.04,3.28,-8.49,-1.27,-3.98,-5.89,1.05,-2.4,-4.06,0.1
200408,0.83,-2.3,1.28,-1.24,-4.42,1.28,-1.15,1.65,3.67,1.93,0.08,0.11
200409,-1.76,2.45,1.91,8.88,3.29,1.34,2.58,-1.41,1.42,1.24,1.6,0.11
200410,2.87,-2.65,-1.37,0.66,5.03,3.36,3.08,-2.41,4.23,1.22,1.43,0.11
200411,4.52,7.18,7.17,6.56,5.84,3.42,3.61,0.66,4.92,4.96,4.54,0.15